Mota,Galdera,Erantzun zuzena,Erantzun okerra 1,Erantzun okerra 2,Fitxategia
Bideak,Zein da bide egokia?,3,2,1,irudiak/bidea_4_4_1_7_8_3_2_7_0
Bideak,Zein da bide egokia?,1,2,3,irudiak/bidea_1_9_5_8_6_9_9_2_5
Bideak,Zein da bide egokia?,3,2,1,irudiak/bidea_7_9_5_5_6_5_1_4_0
Bideak,Zein da bide egokia?,3,2,1,irudiak/bidea_3_0_1_9_8_6_1_5_5
Bideak,Zein da bide egokia?,3,2,1,irudiak/bidea_1_0_3_7_5_5_5_8_8
Bideak,Zein da bide egokia?,2,3,1,irudiak/bidea_5_6_9_3_0_1_3_8_4
Bideak,Zein da bide egokia?,3,2,1,irudiak/bidea_2_4_0_8_5_5_6_9_2
Bideak,Zein da bide egokia?,1,2,3,irudiak/bidea_5_4_2_8_1_8_9_4_8
Bideak,Zein da bide egokia?,2,3,1,irudiak/bidea_4_9_3_8_2_9_9_4_5
Bideak,Zein da bide egokia?,1,2,3,irudiak/bidea_7_5_0_3_9_8_5_8_8
Bideak,Zein da bide egokia?,3,2,1,irudiak/bidea_7_9_7_1_3_2_0_5_3
Bideak,Zein da bide egokia?,3,2,1,irudiak/bidea_0_1_5_6_3_6_3_8_7
Bideak,Zein da bide egokia?,3,2,1,irudiak/bidea_8_4_4_5_9_1_2_7_9
Bideak,Zein da bide egokia?,3,2,1,irudiak/bidea_1_5_9_9_1_6_2_2_3
Bideak,Zein da bide egokia?,2,3,1,irudiak/bidea_6_5_9_8_8_8_3_7_2
Bideak,Zein da bide egokia?,3,2,1,irudiak/bidea_1_2_8_2_0_6_1_6_4
Bideak,Zein da bide egokia?,3,2,1,irudiak/bidea_9_3_2_9_4_9_7_1_6
Bideak,Zein da bide egokia?,3,2,1,irudiak/bidea_1_8_5_5_3_0_3_2_2
Bideak,Zein da bide egokia?,3,2,1,irudiak/bidea_4_8_8_2_5_3_2_0_2
Bideak,Zein da bide egokia?,3,2,1,irudiak/bidea_7_8_5_8_8_2_1_6_2
Bideak,Zein da bide egokia?,2,3,1,irudiak/bidea_4_6_0_8_0_4_7_3_5
Bideak,Zein da bide egokia?,2,3,1,irudiak/bidea_1_5_1_5_5_6_3_9_4
Bideak,Zein da bide egokia?,3,2,1,irudiak/bidea_4_3_4_4_5_9_2_8_6
Bideak,Zein da bide egokia?,2,3,1,irudiak/bidea_2_8_9_4_5_6_2_0_5
Bideak,Zein da bide egokia?,2,3,1,irudiak/bidea_0_8_3_3_9_3_5_0_6
Bideak,Zein da bide egokia?,3,2,1,irudiak/bidea_3_0_5_0_3_6_5_6_6
Bideak,Zein da bide egokia?,3,2,1,irudiak/bidea_5_8_2_6_4_1_6_5_1
Bideak,Zein da bide egokia?,1,2,3,irudiak/bidea_0_0_3_2_0_9_4_0_8
Bideak,Zein da bide egokia?,1,2,3,irudiak/bidea_6_3_8_0_3_4_8_0_1
Bideak,Zein da bide egokia?,2,3,1,irudiak/bidea_6_7_8_5_9_2_8_0_0
Bideak,Zein da bide egokia?,2,3,1,irudiak/bidea_3_9_5_2_2_4_5_5_4
Bideak,Zein da bide egokia?,2,3,1,irudiak/bidea_7_5_1_7_3_6_7_4_7
Bideak,Zein da bide egokia?,1,2,3,irudiak/bidea_8_1_1_1_3_1_1_9_5
Bideak,Zein da bide egokia?,1,2,3,irudiak/bidea_3_7_1_6_4_2_8_7_7
Bideak,Zein da bide egokia?,3,2,1,irudiak/bidea_0_5_8_9_3_4_7_4_2
Bideak,Zein da bide egokia?,3,2,1,irudiak/bidea_0_8_8_0_3_7_2_3_7
Bideak,Zein da bide egokia?,2,3,1,irudiak/bidea_9_0_1_5_9_6_1_7_9
Bideak,Zein da bide egokia?,1,2,3,irudiak/bidea_4_3_2_0_0_2_1_2_9
Bideak,Zein da bide egokia?,3,2,1,irudiak/bidea_3_3_7_4_2_9_7_4_3
Bideak,Zein da bide egokia?,3,2,1,irudiak/bidea_3_3_4_6_9_4_7_9_6
Bideak,Zein da bide egokia?,1,2,3,irudiak/bidea_5_5_5_4_9_9_2_0_7
Bideak,Zein da bide egokia?,3,2,1,irudiak/bidea_0_2_0_3_8_6_5_4_7
Bideak,Zein da bide egokia?,1,2,3,irudiak/bidea_8_4_7_4_7_4_4_3_5
Bideak,Zein da bide egokia?,2,3,1,irudiak/bidea_0_4_8_8_3_9_7_1_8
Bideak,Zein da bide egokia?,3,2,1,irudiak/bidea_4_3_7_4_7_8_6_6_7
Bideak,Zein da bide egokia?,1,2,3,irudiak/bidea_0_1_5_2_1_4_5_1_3
Bideak,Zein da bide egokia?,1,2,3,irudiak/bidea_8_4_3_6_7_7_9_0_0
Bideak,Zein da bide egokia?,2,3,1,irudiak/bidea_2_8_2_9_0_0_7_7_1
Bideak,Zein da bide egokia?,3,2,1,irudiak/bidea_7_7_1_9_0_9_3_6_0
Bideak,Zein da bide egokia?,2,3,1,irudiak/bidea_2_5_8_5_0_9_3_3_3
Bideak,Zein da bide egokia?,1,2,3,irudiak/bidea_0_4_3_6_6_0_4_8_8
Bideak,Zein da bide egokia?,1,2,3,irudiak/bidea_3_2_5_5_2_0_3_1_6
Bideak,Zein da bide egokia?,2,3,1,irudiak/bidea_9_8_8_9_5_2_2_5_8
Bideak,Zein da bide egokia?,3,2,1,irudiak/bidea_1_1_1_7_9_6_4_0_0
Bideak,Zein da bide egokia?,2,3,1,irudiak/bidea_5_1_4_6_7_0_4_1_6
Bideak,Zein da bide egokia?,2,3,1,irudiak/bidea_2_7_8_9_8_2_9_3_5
Bideak,Zein da bide egokia?,1,2,3,irudiak/bidea_1_8_3_5_9_7_4_8_5
Bideak,Zein da bide egokia?,1,2,3,irudiak/bidea_5_1_4_3_5_6_2_8_7
Bideak,Zein da bide egokia?,1,2,3,irudiak/bidea_7_0_2_0_0_5_2_9_8
Bideak,Zein da bide egokia?,1,2,3,irudiak/bidea_7_3_6_7_5_2_2_3_0
Bideak,Zein da bide egokia?,1,2,3,irudiak/bidea_7_0_4_7_6_9_8_9_2
Bideak,Zein da bide egokia?,2,3,1,irudiak/bidea_6_0_4_8_3_1_2_8_1
Bideak,Zein da bide egokia?,2,3,1,irudiak/bidea_5_3_3_0_7_0_1_3_8
Bideak,Zein da bide egokia?,2,3,1,irudiak/bidea_6_6_4_7_8_7_0_5_7
Bideak,Zein da bide egokia?,2,3,1,irudiak/bidea_4_8_8_9_8_9_5_4_2
Bideak,Zein da bide egokia?,3,2,1,irudiak/bidea_0_1_1_8_5_7_4_0_4
Bideak,Zein da bide egokia?,1,2,3,irudiak/bidea_1_1_8_2_4_3_7_0_7
Bideak,Zein da bide egokia?,1,2,3,irudiak/bidea_5_6_4_9_5_6_0_0_4
Bideak,Zein da bide egokia?,1,2,3,irudiak/bidea_5_0_0_3_2_5_2_8_5
Bideak,Zein da bide egokia?,3,2,1,irudiak/bidea_2_2_6_2_3_1_3_8_1
Bideak,Zein da bide egokia?,2,3,1,irudiak/bidea_3_9_0_8_2_5_7_6_7
Bideak,Zein da bide egokia?,2,3,1,irudiak/bidea_3_6_9_5_1_7_6_8_6
Bideak,Zein da bide egokia?,1,2,3,irudiak/bidea_7_1_4_6_3_8_9_6_2
Bideak,Zein da bide egokia?,3,2,1,irudiak/bidea_4_7_0_1_7_4_3_3_9
Bideak,Zein da bide egokia?,2,3,1,irudiak/bidea_6_4_5_7_4_8_9_3_4
Bideak,Zein da bide egokia?,3,2,1,irudiak/bidea_0_0_0_6_7_0_1_2_2
Bideak,Zein da bide egokia?,2,3,1,irudiak/bidea_4_8_0_7_2_2_7_6_3
Bideak,Zein da bide egokia?,1,2,3,irudiak/bidea_5_5_1_5_7_7_1_4_9
Bideak,Zein da bide egokia?,3,2,1,irudiak/bidea_2_2_0_3_9_6_7_6_4
Bideak,Zein da bide egokia?,1,2,3,irudiak/bidea_3_2_8_6_7_3_9_3_9
Bideak,Zein da bide egokia?,1,2,3,irudiak/bidea_1_8_2_6_1_4_2_2_1
Bideak,Zein da bide egokia?,3,2,1,irudiak/bidea_9_8_2_6_6_3_0_6_4
Bideak,Zein da bide egokia?,3,2,1,irudiak/bidea_8_8_9_2_9_7_4_5_1
Bideak,Zein da bide egokia?,1,2,3,irudiak/bidea_5_8_0_0_9_8_9_4_3
Bideak,Zein da bide egokia?,1,2,3,irudiak/bidea_3_7_4_2_6_8_9_8_6
Bideak,Zein da bide egokia?,1,2,3,irudiak/bidea_0_7_6_0_5_7_5_6_4
Bideak,Zein da bide egokia?,2,3,1,irudiak/bidea_2_9_7_9_0_8_0_7_2
Bideak,Zein da bide egokia?,2,3,1,irudiak/bidea_2_8_1_4_4_5_1_2_7
Bideak,Zein da bide egokia?,1,2,3,irudiak/bidea_6_8_6_1_9_2_3_9_8
Bideak,Zein da bide egokia?,2,3,1,irudiak/bidea_7_9_8_4_1_8_6_3_5
Bideak,Zein da bide egokia?,2,3,1,irudiak/bidea_2_0_6_5_1_6_4_5_9
Bideak,Zein da bide egokia?,3,2,1,irudiak/bidea_2_5_1_6_5_3_0_4_5
Bideak,Zein da bide egokia?,1,2,3,irudiak/bidea_3_4_6_6_7_6_7_0_4
Bideak,Zein da bide egokia?,1,2,3,irudiak/bidea_3_3_3_5_6_7_4_1_8
Bideak,Zein da bide egokia?,1,2,3,irudiak/bidea_6_9_1_0_6_2_4_3_9
Bideak,Zein da bide egokia?,3,2,1,irudiak/bidea_7_4_6_5_7_2_8_2_9
Bideak,Zein da bide egokia?,1,2,3,irudiak/bidea_9_8_5_0_6_3_1_7_3
Bideak,Zein da bide egokia?,2,3,1,irudiak/bidea_9_3_6_2_9_5_3_2_7
Bideak,Zein da bide egokia?,3,2,1,irudiak/bidea_7_7_9_1_3_5_6_4_8
Bideak,Zein da bide egokia?,2,3,1,irudiak/bidea_9_4_0_2_0_6_2_5_5
